id,text
1,"The product quality is absolutely amazing! Fast shipping and great packaging. Will definitely buy again."
2,"Terrible experience. Item broke after one day. Customer support was unhelpful and rude."
3,"It's okay, nothing special. Does what it says but don't expect anything extraordinary."
4,"Exceeded my expectations! The build quality is superb and it works perfectly right out of the box."
5,"Very disappointed. The color was completely different from the photos. Returning immediately."
6,"Average product. Works fine but feels a bit cheap. Shipping was on time though."
7,"Absolutely love it! Best purchase I've made this year. Highly recommend to everyone."
8,"Doesn't work as advertised. Waste of money. Save yourself the trouble and buy elsewhere."
9,"Decent product for the price. A few minor issues but overall satisfied with the purchase."
10,"Outstanding quality and super fast delivery. The customer service team was also very responsive."
